{"primaryColor":{"ColorContext":null,"A":255,"R":0,"G":204,"B":0,"ScA":1,"ScR":0,"ScG":0.603827357,"ScB":0},"secondaryColor":{"ColorContext":null,"A":255,"R":51,"G":255,"B":153,"ScA":1,"ScR":0.0331047662,"ScG":1,"ScB":0.318546772},"colorPickerDefaultColor":"#FFFFFF","activeTool":1,"canvas":null,"applicationTheme":[{"ColorContext":null,"A":255,"R":47,"G":51,"B":56,"ScA":1,"ScR":0.02842604,"ScG":0.0331047662,"ScB":0.0395462364},{"ColorContext":null,"A":255,"R":67,"G":71,"B":77,"ScA":1,"ScR":0.0561284907,"ScG":0.0630100146,"ScB":0.0742135718},{"ColorContext":null,"A":255,"R":234,"G":242,"B":255,"ScA":1,"ScR":0.822785735,"ScG":0.887923121,"ScB":1},{"ColorContext":null,"A":255,"R":0,"G":0,"B":0,"ScA":1,"ScR":0,"ScG":0,"ScB":0}]}